{
	"candidates" : [ {
		"id" : "1234567890",
		"party" : {
			"id" : "REF",
			"name" : "Eesti Reformierakond"
		},
		"person" : {
			"id" : "37907034620",
			"name" : "Eduard Ekskavaator"
		}
	}, {
		"id" : "1234567891",
		"party" : {
			"id" : "KESK",
			"name" : "Eesti Keskerakond"
		},
		"person" : {
			"id" : "37907034621",
			"name" : "Ferdinand Fuksia"
		}
	}, {
		"id" : "1234567892",
		"party" : {
			"id" : "SDE",
			"name" : "Sotsiaaldemokraatlik erakond"
		},
		"person" : {
			"id" : "37907034622",
			"name" : "Gerhard Gätegõverdus"
		}
	}, {
		"id" : "1234567893",
		"party" : {
			"id" : "IRL",
			"name" : "Isamaa- ja Respublica Liit"
		},
		"person" : {
			"id" : "37907034623",
			"name" : "Harald Hamster"
		}
	}, {
		"id" : "1234567894",
		"party" : {
			"id" : "SDE",
			"name" : "Sotsiaaldemokraatlik erakond"
		},
		"person" : {
			"id" : "37907034624",
			"name" : "Ildegaard Ilumeel"
		}
	}, {
		"id" : "1234567855",
		"party" : {
			"id" : "REF",
			"name" : "Eesti Reformierakond"
		},
		"person" : {
			"id" : "37907034625",
			"name" : "Janaida Jalutova"
		}
	}

	]
}