{
	"candidates" : [ {
		"id" : "1234567890",
		"region" : {
			"id" : "HA",
			"name" : "Harjumaa"
		},
		"person" : {
			"id" : "37907034620",
			"name" : "Eduard Ekskavaator"
		}
	}, {
		"id" : "1234567891",
		"region" : {
			"id" : "LA",
			"name" : "Läänemaa"
		},
		"person" : {
			"id" : "37907034621",
			"name" : "Ferdinand Fuksia"
		}
	}, {
		"id" : "1234567892",
		"region" : {
			"id" : "VI",
			"name" : "Ida-Virumaa"
		},
		"person" : {
			"id" : "37907034622",
			"name" : "Gerhard Gätegõverdus"
		}
	}, {
		"id" : "1234567893",
		"region" : {
			"id" : "JO",
			"name" : "Jõgevamaa"
		},
		"person" : {
			"id" : "37907034623",
			"name" : "Harald Hamster"
		}
	}, {
		"id" : "1234567894",
		"region" : {
			"id" : "PO",
			"name" : "Põlvamaa"
		},
		"person" : {
			"id" : "37907034624",
			"name" : "Ildegaard Ilumeel"
		}
	}, {
		"id" : "1234567855",
		"region" : {
			"id" : "PO",
			"name" : "Põlvamaa"
		},
		"person" : {
			"id" : "37907034625",
			"name" : "Janaida Jalutova"
		}
	}, {
		"id" : "1234567856",
		"region" : {
			"id" : "PO",
			"name" : "Põlvamaa"
		},
		"person" : {
			"id" : "37907034626",
			"name" : "Kõikme Kannatameära"
		}
	}, {
		"id" : "1234567857",
		"region" : {
			"id" : "PO",
			"name" : "Põlvamaa"
		},
		"person" : {
			"id" : "37907034627",
			"name" : "Leila Lagerfeld"
		}
	}
	]
}